involved_teams,pcreated_date,result,winner,start_date
Juventus vs Porto,2021-02-17 14:07,"1,2",Porto,2021-02-17 21:00 CET
Leipzig vs Liverpool,2021-02-16 20:04,"0,2",Liverpool,2021-02-16 21:00 CET
Dortmund vs Sevilla,2021-02-17 14:14,"2,3",Dortmund,2021-02-17 21:00 CET
Juventus vs Napoli,2021-02-13 13:15,"0,1",Napoli,2021-02-13 18:00 CET
Inter vs Juventus,2021-02-09 15:16,"0,0",Draw,2021-02-09 20:45 CET
Inter vs Juventus,2021-02-02 18:05,"1,2",Juventus,2021-02-02 20:45 CET
Inter vs Juventus,2021-01-17 15:15,"2,0",Inter,2021-01-17  20:45 CET
Juventus vs Napoli,2021-01-20 20:28,"2,0",Juventus,2021-01-20 21:00 CET
Ajax vs Liverpool,2020-12-01 16:20,"0,1",Liverpool,2020-12-01  21:00 CET
Inter vs RealMadrid,2020-11-25 18:37,"0,2",RealMadrid,2020-11-25  21:00 CET
Bayern vs PSG,2020-08-23 17:12,"0,1",Bayern,2020-08-23 21:00 CET
AtleticoMadrid vs Barcelona,2020-11-21 13:45,"1,0",AtleticoMadrid,2020-11-21  21:00 CET
Inter vs RealMadrid,2020-11-03 15:41,"2,3 ",RealMadrid,2020-11-03  21:00 CET
Barcelona vs Bayern,2020-08-14 18:37,"2,8",Bayern,2020-08-14 21:00 CET
Barcelona vs RealMadrid,2020-10-24 14:58,"1,3",RealMadrid,2020-10-24  21:00 CET
Lyon vs ManCity,2020-08-15 19:30,"1,3",Lyon,2020-08-15  20:00 CET
Leipzig vs PSG,2020-08-18 14:10,"4,2",Leipzig,2020-08-18  21:00 CET
ManCity vs RealMadrid,2020-08-07 12:51,"2,1",ManCity,2020-08-07  21:00 CET
Bayern vs Lyon,2020-08-19 15:59,"3,0",Bayern,2020-08-19  21:00 CET
ManUnited vs Sevilla,2020-08-16 21:12,"1,2",Sevilla,2020-08-16  21:00 CET
Inter vs Shakhtar,2020-08-17 19:54,"5,0",Inter,2020-08-17  21:00 CET
Barcelona vs Napoli,2020-08-08 19:40,"3,1",Barcelona,2020-08-08  21:00 CET
Juventus vs Roma,2020-09-27 15:19,"2,2",Draw,2020-09-27  20:45 CET
Arsenal vs ManCity,2020-06-17 20:36,"0,3",ManCity,2020-06-17  21:00 CET
Dortmund vs PSG,2020-02-18 14:02,"2,1",Dortmund,2020-02-18 21:00 CET
Bayern vs Chelsea,2020-02-25 13:44,"3,2",Bayern,2020-02-25  21:00 CET
Dortmund vs PSG,2020-03-11 17:00,"0,2",PSG,2020-03-11  21:00 CET
Inter vs Milan,2020-02-09 16:27,"4,2",Inter,2020-02-09  20:45 CET
Barcelona vs RealMadrid,2019-12-18 12:53,"0,0",Draw,2019-12-18  20:00 CET
Arsenal vs ManUnited,2019-09-30 16:23,"1,1",Draw,2019-09-30  17:30 CET
Ajax vs Tottenham,2019-04-30 11:09,"1,0",Ajax,2019-04-30  21:00 CET
ManCity vs ManUnited,2019-04-24 18:46,"2,0",ManCity,2019-04-24  18:30 CET
Barcelona vs ManUnited,2019-04-10 13:56,"1,0",Barcelona,2019-04-10  20:00 CET
Chelsea vs ManUnited,2019-08-11 10:34,"0,4",ManUnited,2019-08-11  21:00 CET
Arsenal vs Chelsea,2019-05-29 17:31,"1,4",Chelsea,2019-05-29  21:00 CET
ManCity vs Tottenham,2019-04-09 14:18,"0,1",Tottenham,2019-04-09  20:00 CET
Ajax vs Tottenham,2019-05-08 15:20,"2,3",Tottenham,2019-05-08  21:00 CET
Barcelona vs ManUnited,2019-04-16 16:40,"3,0",Barcelona,2019-04-16 20:00 CET
ManCity vs Tottenham,2019-04-17 14:29,"2,2",Draw,2019-04-17  21:00 CET
Barcelona vs RealMadrid,2019-02-27 16:50,"3,0",Barcelona,2019-02-27 21:00 CET
Ajax vs Juventus,2019-04-16 19:16,"2,1",Ajax,2019-04-16  20:00 CET
Ajax vs Juventus,2019-04-10 14:07,"1,1",Draw,2019-04-10  20:00 CET
Lyon vs PSG,2019-09-22 12:30,"0,1",PSG,2019-09-22  22:00 CET
Barcelona vs Lyon,2019-02-19 16:04,"0,0",Draw,2019-02-19  21:00 CET
