Team Name,Other Name
Bayern,FC Bayern Munchen
Barcelona,FC Barcelona
Barcelona,Barca
Juventus,Juve
RealMadrid,Real Madrid CF
RealMadrid,Real
AtleticoMadrid,Club Atletico de Madrid
AtleticoMadrid,Atleti
AtleticoMadrid,Atletico Madrid
ManCity,City
ManCity,Manchester City FC
ManCity,Manchester City
PSG,Paris Saint-Germain
PSG,Paris Saint-Germain
LiverpooL,Liverpool FC
Sevilla,Sevilla FC
ManUnited,Manu
ManUnited,United
ManUnited,Manchester United FC
ManUnited,Manchester United
Arsenal,Arsenal FC
Arsenal,Gunners
Dortmund,Borussia Dortmund
Chelsea,Chelsea FC
Porto,FC Porto
Tottenham,Tottenham Hotspur
Tottenham,Spurs
Lyon,Olympique Lyonnais
Lyon,OL
Shakhtar,FC Shakthar
Roma,AS Roma
Ajax,AFC Ajax
Napoli,SSC Napoli
Leipzig,RB Leipzig
Salzburg,FC Salzburg
Leverkeusen,Bayer 04 Leverkeusen
Benfica,SL Benfica
Inter,FC Internazionale Milano
Inter,Internazionale
Milan,AC Milan
Villarreal,Villarreal CF
